{
  "title": "월스터 여행: 미지의 매력을 찾아 떠나는 여정",
  "sections": [
    {
      "section1": "월스터, 어디에 있는 곳일까요? - 여행의 시작",
      "contents1": [
        "제공된 정보를 바탕으로 월스터(Worcester)가 미국 매사추세츠 주에 위치한 도시임을 설명합니다. 보스턴과 가까운 거리에 위치하여 보스턴 여행과 연계한 여행 계획을 세울 수 있다는 점을 강조합니다.  월스터의 매력을 간략하게 소개하며 독자의 호기심을 자극합니다.  예를 들어,  역사적인 건물들, 현지 문화 체험, 주변 관광지와의 접근성 등을 언급할 수 있습니다.  아직 정보가 많지 않은 미지의 도시이지만, 숨겨진 매력을 발견하는 즐거움을 기대하게 만드는 톤으로 작성합니다.",
        {
          "sub_title": "월스터? 듣보잡 도시 아니에요!",
          "sub_content": "친구야, 월스터(Worcester)라고 들어봤어? 아마 처음 듣는 사람 많을 거야.  나도 사실 여행 계획 짜기 전까진 몰랐거든?  근데 알고 보니 미국 매사추세츠 주에 있는 도시인데, 보스턴이랑 가까워서 보스턴 여행 겸 들르면 딱 좋대!  보스턴만 찍고 오기엔 뭔가 아쉽잖아?  월스터는 보스턴의 번잡함에서 벗어나 조용히 숨 쉴 수 있는 곳이라고 하더라고.  마치 숨겨진 보석 같은 곳이랄까?  기대감 뿜뿜!"
        },
        {
          "sub_title": "보스턴 근교 여행, 월스터의 매력 포인트!",
          "sub_content": "내 친구가 월스터 여행 다녀왔는데, 엄청 칭찬하더라고!  역사적인 건물들이 많아서 사진 찍는 재미도 쏠쏠하고, 현지인들과 교류할 기회도 많아서 문화 체험하기에도 좋대.  무엇보다 보스턴까지 쉽게 갈 수 있어서 이동 시간도 아낄 수 있고,  주변 관광지랑도 가까워서 효율적인 여행 코스 짜기에도 최고라고!  친구 말 들어보니깐 벌써부터 설렌다, 씐나!"
        },
        {
          "sub_title": "월스터 여행, 뭘 준비해야 할까?",
          "sub_content": "친구 말로는,  월스터는 보스턴처럼 엄청난 인파가 몰리는 곳은 아니래. 그래서 여유로운 여행을 원하는 사람들에게 딱이라고!  그래도 혹시 모르니 여행 전에 날씨 확인은 필수!  그리고 숙소는 미리 예약해두는 게 좋을 것 같아.  맛집 정보도 미리 찾아보면 더 알차게 여행할 수 있겠지?  아!  그리고 영어는 기본적으로 할 줄 알아야 편할 거야.  [잉글리쉬(English)]를 조금이라도 할 줄 안다면 더욱 즐거운 여행이 될 거야!"
        },
        {
          "sub_title": "나만의 월스터 여행 계획 세우기: 꿀팁!",
          "sub_content": "월스터 여행 계획 세우는 팁을 몇 가지 알려줄게!  먼저, 보스턴 여행과 연계해서 코스를 짜면 시간을 절약할 수 있고,  여행 경비도 줄일 수 있다는 점!  그리고 친구가 추천해준 맛집 리스트도 꼭 참고해!  진짜 맛있는 곳이 많대!  그리고 개인적으로는 현지인들과 소통하는 걸 좋아해서,  현지인과 함께하는 투어 프로그램을 알아보는 것도 좋을 것 같아.  여행 전에 숙제 좀 해두면 더 즐거운 추억을 만들 수 있겠지?  후훗!"
        },
        {
          "sub_title": "월스터 여행 후기, 기대해도 좋아?",
          "sub_content": "솔직히 말해서,  아직 월스터에 대해 자세히 아는 건 아니지만, 친구의 생생한 후기를 듣고 나니 엄청 기대가 돼!  숨겨진 보석 같은 매력을 가진 도시라고 하니깐,  나만의 특별한 여행을 만들 수 있을 것 같아.  보스턴과는 또 다른 매력에 푹 빠질 수 있을 것 같고!   여행 계획 세우는 과정 자체가 벌써부터 즐겁다!  빨리 떠나고 싶어!"
        }
      ]
    },
    {
      "section2": "월스터 여행의 핵심: 볼거리와 즐길거리",
      "contents2": [
        "제공된 정보에 있는 월스터 주변의 관광 명소(보스턴 미술관, 하버드 대학교, 뉴잉글랜드 수족관 등)를 소개합니다.  각 명소에 대한 간략한 설명과 함께 월스터에서의 접근성, 소요시간 등을 명시합니다.  보스턴과 가까운 거리에 있으므로, 보스턴과 연계한 당일치기 여행 코스를 제시할 수 있습니다. 또한,  제공된 정보에 있는  레스토랑 정보를 활용하여 현지 음식과 식당들을 소개하고, 월스터의 맛집을 찾아보는 재미를 더합니다.  '양식', '일본식', '카페' 등의 음식 종류별로 분류하여 독자의 선택지를 넓혀줍니다.",
        {
          "sub_title": "월스터에서 만나는 예술의 향기: 보스턴 미술관 & 주변 갤러리",
          "sub_content": "친구가 얼마 전 보스턴 미술관(Museum of Fine Arts, Boston) 다녀왔는데,  입이 떡 벌어질 정도였다고 하더라고요.  르누아르, 모네 같은 인상파 화가들의 작품부터 고대 유물까지 다양한 작품들이 전시되어 있다는 얘기에 저도 솔깃! 월스터에서 보스턴까지는 차로 30분 정도면 충분히 갈 수 있다고 하니, 당일치기 여행으로 딱이죠.  미술관 구경 후에는 근처에 있는 작은 갤러리들도 둘러보면서 예술 감성 충전하는 것도 괜찮을 것 같아요.  특히, 현대 미술에 관심 있다면 숨겨진 보석 같은 갤러리를 발견하는 재미도 쏠쏠할 거예요.  다만, 미술관은 규모가 꽤 크니, 관람 계획을 미리 세우는게 좋을 것 같아요.  주요 전시만 봐도 시간이 꽤 걸릴 거 같더라고요."
        },
        {
          "sub_title": "월스트에서 하버드의 아우라 느껴보기: 명문대 탐방 & 캠퍼스 분위기 만끽",
          "sub_content": "하버드 대학교(Harvard University)는 꼭 가봐야 한다는 얘기 많이 들었어요.  월스터에서 하버드까지는 차로 약 1시간 정도 걸린대요.  캠퍼스를 거닐면서 웅장한 건물들과 역사적인 분위기를 느껴보는 것도 좋고, 잔디밭에 앉아서 여유를 즐기는 것도 괜찮을 것 같아요.  저는 개인적으로 하버드 스퀘어 근처의 카페에서 커피 한 잔 마시며  주변 풍경 감상하는 걸 추천해요!  근데 사람이 엄청 많을 수 있다는 점, 참고하세요! 특히 주말에는 더 북적북적 하다는데, 평일 오전에 가면 조용하게 즐길 수 있다고 하네요.  사진 찍는 것도 잊지 마시고요!"
        },
        {
          "sub_title": "바닷속 신비로운 세계: 뉴잉글랜드 수족관에서 잊지 못할 추억 만들기",
          "sub_content": "뉴잉글랜드 수족관(New England Aquarium)은 아이들과 함께라면 더욱 추천하는 곳이에요.  다양한 해양 생물들을 직접 볼 수 있다니, 정말 신기할 것 같아요.  특히, 거대한 바다거북이랑 펭귄을 보면 정말 감동적일 것 같다는 후기를 봤어요.  월스터에서 수족관까지는 대중교통 이용하면 약 1시간 정도 소요된다고 하네요.  아이들 뿐 아니라 어른들도 즐거운 시간을 보낼 수 있을 것 같아요.  가족여행객에게 딱 맞는 코스라고 생각해요.  다만, 주말에는 사람이 많아서 조금 붐빌 수 있다는 점 유의하세요!"
        },
        {
          "sub_title": "월스터 맛집탐방: 입맛 사로잡는 다양한 음식들",
          "sub_content": "제 친구가 월스터 여행 중에 맛집을 엄청 많이 찾았다고 자랑하더라고요.  양식으로는 분위기 좋은 이탈리안 레스토랑을 추천하던데, 파스타랑 피자가 정말 맛있었다고 해요.  일본식으로는 스시집이 있는데, 신선한 해산물을 사용해서 맛이 끝내준다고 하더라고요.  그리고 잠깐 휴식을 취하고 싶을 때는 아기자기한 카페에 가서 커피와 디저트를 즐기는 것도 좋대요.  카페는 분위기가 다양해서 취향에 맞게 골라보는 재미도 있고요.  저는 개인적으로 브런치를 즐겨 먹는데, 월스터에도 괜찮은 브런치 카페가 있다고 하니 한 번 찾아보세요!  맛집 정보는 인터넷 검색을 통해 더 자세히 알아볼 수 있으니, 미리 찜콩 해두는 것도 좋을 거 같아요."
        },
        {
          "sub_title": "월스터 당일치기 여행 코스 추천: 보스턴과 함께 즐기는 알찬 하루",
          "sub_content": "월스터는 보스턴과 가까워서 하루에 두 곳을 다 둘러볼 수 있다는 장점이 있어요.  예를 들어, 오전에 보스턴 미술관을 둘러본 후, 점심을 먹고 하버드 대학교를 방문하는 코스를 짜는 건 어떨까요?  교통편을 미리 확인하고 시간을 효율적으로 배분하는 게 중요해요. 대중교통 이용시 시간을 넉넉하게 잡아야 한다는 점!  혹은, 뉴잉글랜드 수족관을 방문하고, 저녁에는 보스턴의 맛집에서 식사를 즐기는 것도 좋은 선택일 거예요.  자신의 관심사에 따라 다양한 코스를 만들어 볼 수 있으니,  여행 계획을 세우는 재미도 있겠죠?  여행 전에 지도를 보고 어떤 곳을 방문할지 미리 계획 세우는 것을 추천해요!"
        }
      ]
    },
    {
      "section3": "월스터 여행을 위한 실질적인 정보: 교통, 숙소, 그리고 더 많은 팁",
      "contents3": [
        "제공된 호텔 정보를 바탕으로 월스터의 다양한 숙박 시설을 소개합니다.  각 호텔의 특징과 가격대를 비교하여 독자들이 자신에게 맞는 숙소를 선택할 수 있도록 돕습니다.  월스터로의 이동 방법(대중교통, 자가용 등)과 주변 도시와의 연결성에 대해 설명합니다. 보스턴에서의 접근성을 다시 한번 강조하고,  여행 계획을 세우는 데 도움이 되는 추가적인 팁들을 제공합니다. 예를 들어,  여행 적절한 시기, 필요한 물품, 현지 문화에 대한 정보 등을 포함할 수 있습니다.",
        {
          "sub_title": "월스터 여행의 최적기: 언제 가는 게 좋을까?",
          "sub_content": "친구가 월스터 여행을 계획 중이라면 꼭 알려줘야 할 게 있어요! 바로 여행 적절한 시기!  봄에는 만개한 꽃들과 산뜻한 날씨가 기분을 좋게 만들고, 가을에는 단풍이 절정을 이뤄 아름다운 풍경을 선사하거든요.  하지만 여름은 습하고 더울 수 있고, 겨울은 춥고 눈이 많이 와서 불편할 수 있대요.  저는 친구에게 봄이나 가을에 가는 걸 추천했어요.  날씨 좋을 때 예쁜 사진 많이 찍고 오라고!  그리고 여행 전에 날씨 예보는 꼭 확인해야 한다고 강조했죠.  비 예보가 있다면 우산이나 레인코트는 필수템이니까요!"
        },
        {
          "sub_title": "월스터 숙소 탐방: 호텔부터 게스트하우스까지!",
          "sub_content": "제 친구는 숙소 고르는 게 제일 고민이었대요.  호텔은 편리하지만 가격이 부담스럽고, 게스트하우스는 저렴하지만 시설이 부족할 수도 있다면서요.  그래서 저는 여러 옵션을 알려줬어요.  고급 호텔부터 가성비 좋은 부티크 호텔, 아늑한 게스트하우스까지 다양하니까요.  에어비앤비 같은 플랫폼을 이용하면 더 많은 선택지가 있고, 리뷰를 확인해서 자신에게 맞는 곳을 고를 수 있다고 조언했죠. 위치도 중요해요.  월스터 시내에 숙소를 잡으면 관광하기 편리하지만, 조금 외곽으로 나가면 조용하고 한적한 분위기를 즐길 수도 있대요. 친구의 여행 스타일과 예산에 맞춰 신중하게 고르라고 했어요!"
        },
        {
          "sub_title": "월스터 이동: 보스턴에서 출발하는 편리한 방법!",
          "sub_content": "월스터까지 가는 방법은 여러 가지가 있대요.  보스턴에서 출발하는 게 일반적이라고 하더라고요.  자가용을 이용하면 편리하지만 주차 문제가 있을 수 있고, 대중교통인 버스나 기차를 이용하면 주차 걱정 없이 편하게 이동할 수 있다고 해요.  버스는 저렴하지만 시간이 좀 더 걸리고, 기차는 빠르지만 가격이 조금 더 비싸대요.  친구는 보스턴에서 기차를 타고 월스터로 이동하는 방법을 선택했어요.  기차역에서 숙소까지 가는 방법도 미리 확인해야 한다고 강조했죠.  택시나 우버를 이용하거나,  걸어서 갈 수 있는 거리라면 걷는 것도 좋은 방법이라고 말해줬어요.  여행 전에 교통편을 미리 예약해두는 것도 잊지 말라고 당부했답니다!"
        },
        {
          "sub_title": "꿀팁 대방출! 월스터 여행을 더욱 풍성하게!",
          "sub_content": "월스터 여행을 계획하는 친구에게 몇 가지 꿀팁을 더 알려줬어요.  먼저, 현지 맛집을 미리 검색해서 리스트를 만들어두라고 했어요.  맛있는 음식은 여행의 큰 부분을 차지하니까요!  그리고  여행 중에 필요한 물건들을 미리 챙겨가라고 조언했어요.  선크림, 모자, 편안한 신발 등은 필수!  그리고  여행 전에 현지 문화에 대해 조금 알아보면 더욱 즐거운 여행이 될 거라고 말해줬어요.  예를 들어,  팁 문화나  사람들과의 소통 방식 등을 미리 알아두면 좋대요.  마지막으로, 여행 중에 찍은 사진이나 영상을 정리하고 기록하는 것을 잊지 말라고 당부했어요.  소중한 추억을 오랫동안 간직할 수 있도록 말이죠! 친구에게 이 모든 팁이 도움이 되었으면 좋겠어요!"
        }
      ]
    },
    {
      "section4": "월스터 여행 후기와 함께하는 마무리",
      "contents4": [
        "제공된 여행자 후기를 바탕으로 월스터 여행에 대한 생생한 경험을 공유합니다.  여행자들의 경험과 후기를 통해 독자들이 월스터에 대한 기대감을 높이고,  실제 여행을 계획하는 데 도움을 줄 수 있도록 합니다.  마지막으로 월스터 여행을 통해 얻을 수 있는 특별한 경험을 다시 한번 강조하며 기사를 마무리합니다.  월스터 여행에 대한 추가 정보를 얻을 수 있는 웹사이트 링크 등을 제공하는 것도 좋은 방법입니다.",
        {
          "sub_title": "월스터 여행, 친구와 함께 떠난 잊지 못할 추억",
          "sub_content": "친구랑 월스터 여행 갔다 온 후기를 들려줄게!  진짜 핵꿀잼이었어.  우리가 갔던 곳은 [월스터 지역 명칭]인데,  풍경이 진짜 예술이었어.  사진 찍는 재미에 시간 가는 줄 몰랐지 뭐야.  특히, [월스터 명소 1]에서 찍은 사진은 인생샷!  그리고 저녁엔 [월스터 맛집]에서 현지 음식을 먹었는데,  입 안 가득 퍼지는 풍미가 지금도 기억나.  다음엔 꼭 [월스터 체험활동]도 해보고 싶어! 친구랑 같이 떠난 여행이라 더욱 뜻깊었고, 추억도 많이 만들었어.  여행 계획 중이라면 꼭 추천하고 싶은 곳이야!"
        },
        {
          "sub_title": "월스터 여행의 숨겨진 매력, 밤의 월스터를 만나다",
          "sub_content": "낮의 월스터도 좋았지만, 밤의 월스터는 또 다른 매력이 있더라고.  낮에는 사람들로 북적였던 거리가 밤이 되니 조용해지면서,  마치 나만의 공간처럼 느껴졌어.  [월스터 야경 명소]에서 바라본 야경은 정말 환상적이었어.  별이 가득한 밤하늘 아래,  반짝이는 도시의 불빛이 너무 아름다웠어.  그리고 [월스터 밤거리 분위기]도 묘하게 매력적이었어.  마치 영화 속 한 장면에 들어온 것 같았다고나 할까?  혼자 여행하는 사람들에게도 밤의 월스터는 꽤 괜찮은 선택지가 될 것 같아.  시끄러운 낮과는 다른 고요함 속에서 나만의 시간을 즐길 수 있으니까."
        },
        {
          "sub_title": "월스터 여행 꿀팁!  알아두면 득 보는 정보들",
          "sub_content": "월스터 여행 준비하는 친구들을 위해 몇 가지 꿀팁을 알려줄게!  먼저,  [교통편 정보]를 꼼꼼하게 확인하는 게 중요해.  숙소는 [숙소 추천 지역]에 있는 곳을 추천할게.  그리고 [여행 필수품] 챙기는 것도 잊지 말고!  개인적으로는 [개인 추천 아이템]이 정말 유용했어.  마지막으로,  [월스터 현지 정보 사이트]를 참고하면 더욱 알찬 여행 계획을 세울 수 있을 거야.  이 정보들이 도움이 됐으면 좋겠네!  즐거운 월스터 여행 되길 바란다!"
        },
        {
          "sub_title": "월스터 여행 후,  가슴에 남은 감동과 아쉬움",
          "sub_content": "월스터 여행을 마치고 돌아온 지금,  가슴 한켠에는 묘한 감동과 함께 작은 아쉬움이 남아 있어.  아름다운 풍경과 맛있는 음식, 그리고 좋은 사람들과의 만남까지… 정말 모든 게 완벽했거든.  하지만 시간이 부족해서 [못 한 활동]을 못 한 게 조금 아쉬워.  다음에 기회가 된다면 꼭 다시 방문해서 [다시 하고 싶은 활동]을 해보고 싶어.  만약 월스터 여행을 계획하고 있다면,  충분한 시간을 가지고 여행 계획을 세우는 것을 추천해.  후회 없이 즐거운 여행이 될 거야!"
        }
      ]
    }
  ]
}