{
  "title": "서울 여행 완벽 가이드: 추천 코스 & 숙소 정보",
  "sections": [
    {
      "section1": "서울 여행, 어디로 갈까? 인기 여행지 추천",
      "contents1": [
        "서울의 대표적인 관광 명소들을 테마별로 나누어 소개합니다.  역사 유적(경복궁, 창덕궁, 북촌 한옥마을 등), 자연 친화적인 공간(남산공원, 올림픽공원 등), 쇼핑과 엔터테인먼트(명동, 강남, 이태원 등), 그리고 젊은이들의 트렌디한 공간(홍대, 연남동 등)을 중심으로 각 지역의 특징과 추천 이유,  가는 방법,  그리고 각 지역에서 꼭 해봐야 할 활동들을 상세히 소개합니다.  사진과 함께  여행객들의 후기를 바탕으로  실질적인 정보를 제공하여 독자들이 자신에게 맞는 여행지를 선택할 수 있도록 돕습니다.",
        {
          "sub_title": "왕궁의 웅장함에 빠져들다: 경복궁 & 창덕궁",
          "sub_content": "친구가 경복궁에 갔다 왔는데, 사진 보여주는데 진짜 압도당했어요.  웅장한 건물들과 아름다운 정원이 어우러진 모습이 정말 인상적이었대요.  특히 근정전 앞에서 수문장 교대식을 본 건 정말 잊지 못할 경험이었다고 하더라고요.  창덕궁 후원은 또 얼마나 아름다운지!  비밀의 정원이라는 별칭답게 한폭의 그림같은 풍경이 펼쳐진다고 해요.  두 곳 다 가보고 싶은데,  사전 예약 필수라는 팁도 얻었어요.  '예약 어렵다더라' 하면서도 '그래도 가볼 만하다' 라고 강추하더라고요.  대중교통 이용하면 편리하게 갈 수 있다는 것도 잊지 마세요!"
        },
        {
          "sub_title": "한옥의 정취에 흠뻑 취하다: 북촌 한옥마을",
          "sub_content": "북촌 한옥마을은 시간을 거슬러 올라간 듯한 느낌이 드는 곳이래요.  전통 한옥들이 옹기종기 모여 있는 모습이 너무 예쁘다고 하더라고요.  골목골목 돌아다니면서 예쁜 카페나 기념품샵 구경하는 재미도 쏠쏠하다고 해요.  특히 저녁 노을 질 때 한옥과 어울리는 풍경이 정말 아름답다고 하니,  시간 맞춰서 가보는 걸 추천해요!  '사진 엄청 찍었다'고 자랑하던 친구 말에 저도 벌써부터 설레네요.  지하철 3호선 안국역에서 가까우니 참고하세요!"
        },
        {
          "sub_title": "도심 속 오아시스: 남산공원 & 올림픽공원",
          "sub_content": "서울에서 잠시 쉬어가고 싶다면 남산공원이나 올림픽공원을 추천해요.  남산공원은 케이블카 타고 올라가서 서울 야경을 감상하는 것도 멋진 경험이라고 하네요.  올림픽공원은 넓은 잔디밭에서 피크닉을 즐기거나,  산책을 하기에도 좋대요.  '진짜 힐링됐다'고 하는 친구의 말에 저도 끌리네요.  특히 올림픽공원은 규모가 엄청나서 하루 종일 있어도 시간이 모자랄 정도라고 하니,  편한 신발 신고 가는 게 좋을 것 같아요.  대중교통 이용도 편리하답니다!"
        },
        {
          "sub_title": "쇼핑 천국과 맛집 투어: 명동 & 강남 & 이태원",
          "sub_content": "쇼핑을 좋아한다면 명동, 강남, 이태원을 빼놓을 수 없죠!  명동은 젊은층을 위한 패션 아이템과 다양한 먹거리가 가득하고, 강남은 고급 브랜드부터 트렌디한 샵까지 다양하게 있다고 해요.  이태원은 다국적 문화가 섞여 있어서 독특한 분위기와 맛집들을 만날 수 있대요.  저희 언니가 최근 명동에서 쇼핑을 했는데,  '정신없지만 재밌었다'고 하더라고요.  강남은 '세련되고 비싸다'는 평이었고, 이태원은 '세계 각국의 음식을 맛볼 수 있어서 좋았다'고 하네요.  각 지역의 특징을 고려해서 방문 계획을 세우는게 좋을 것 같아요!"
        },
        {
          "sub_title": "힙스터들의 성지: 홍대 & 연남동",
          "sub_content": "요즘 젊은 친구들 사이에서 핫한 곳이 바로 홍대와 연남동이죠!  개성 넘치는 거리와 독립적인 분위기의 카페, 갤러리들이 많아서  힙스터들이 많이 찾는 곳이래요.  특히 홍대는 거리 공연도 많아서 볼거리가 풍부하다고 하네요.  제 사촌동생이 홍대에서 놀고 왔는데,  '스트릿 패션 구경하는 재미가 쏠쏠했다'고 하더라고요.  연남동은  조용하고 아기자기한 분위기라 데이트하기에도 좋다고 해요.  '골목골목 숨겨진 맛집 찾는 재미도 굿' 이라고 극찬하더라고요!  젊은 감각을 느끼고 싶다면 꼭 방문해보세요!"
        }
      ]
    },
    {
      "section2": "나만의 서울 여행 코스 만들기: 추천 코스 & 일정",
      "contents2": [
        "여행 기간에 따라 1박 2일, 2박 3일, 3박 4일 등 다양한 기간에 맞춘  여행 코스를 제시합니다.  각 코스는 테마별로 구성하여, 예를 들어 '역사탐방 코스', '쇼핑 & 맛집 투어 코스', '자연 속 휴식 코스' 등을 제안합니다.  각 코스의 이동 방법, 소요 시간,  추천 맛집,  그리고  여행 중 주의해야 할 점 등을 자세히 설명합니다.  또한,  여행객들의 후기를 참고하여  보다 효율적이고 즐거운 여행을 할 수 있도록  실용적인 팁들을 제공합니다.  특히,  '디시'나 '더쿠'와 같은 온라인 커뮤니티에서  유용한 정보를 얻는 방법에 대한 정보도 함께 제공합니다.",
        {
          "sub_title": "1박 2일 핵심 서울 투어: 효율성 UP!",
          "sub_content": "시간이 부족한 당신을 위한 빡센 일정!  인천공항에서 바로 서울 시내로 이동해서 경복궁(경복궁 야간 개장 추천! 분위기 미쳤어요!), 인사동(전통찻집에서 차 한 잔의 여유는 필수!), 그리고 저녁엔 강남역 맛집 탐방으로 마무리! 이동은 지하철을 이용하면 편리하고 시간도 절약돼요.  숙소는 강남 근처로 잡으면 이동이 편하겠죠? 친구가 강남 쪽 호텔 추천해줬는데, 뷰가 끝내줬다고 하더라고요.  숙소 예약은 미리미리 하는 게 좋아요. 특히 주말이나 성수기에는 더더욱!  그리고 맛집 정보는 '망고플레이트'나 '블로그' 검색 추천!  저는 개인적으로 블로그 후기가 더 정확한 것 같아요."
        },
        {
          "sub_title": "2박 3일 서울 힙스터 여행: 트렌디한 서울 경험하기",
          "sub_content": "요즘 핫한 서울을 제대로 느껴볼까요?  이태원에서 세계 각국의 음식과 분위기를 만끽하고,  힙한 카페들을 돌아다니며 인생샷 건져보세요.  그리고 홍대에서 독특한 거리 예술과 클럽 분위기를 만끽!  쇼핑은 명동이나 가로수길에서! 쇼핑 후엔 뷰 좋은 루프탑 바에서 서울 야경 감상하는 것도 잊지 마세요!  숙소는 홍대나 이태원 근처가 좋을 것 같아요.  친구가 이태원 쪽 게스트하우스 추천해줬는데, 분위기 좋고 가성비 갑이라고 하더라고요.  개인적으로는  '인스타'에서  힙한 장소 검색하는 것 추천!  #서울힙스터 #서울카페 #서울맛집 이런 해시태그로 검색하면 괜찮은 곳 많이 나와요."
        },
        {
          "sub_title": "3박 4일 서울 역사 & 문화 여행: 깊이 있는 서울 여행",
          "sub_content": "서울의 역사와 문화를 깊이 있게 느껴보고 싶다면?  경복궁, 창덕궁, 덕수궁 등 고궁을 둘러보고,  북촌 한옥마을에서 전통 가옥의 아름다움을 느껴보세요.  그리고  남산골 한옥마을과 종묘에서 한국의 전통 건축을 감상하는 것도 추천!  저녁에는  '디시인사이드'나 '더쿠' 같은 커뮤니티에서  추천받은 숨은 맛집을 찾아보는 재미도 쏠쏠할 거예요.  숙소는 종로나 북촌 한옥마을 근처에서 찾아보세요.  친구 말로는  한옥 스테이 경험이 정말 좋았다고 하더라고요.  교통은 지하철과 버스를 이용하면 편리해요.  하지만 고궁은 꽤 넓으니 편한 신발 신는 거 잊지 마세요!  '네이버 지도' 활용하면 길 찾기 쉽답니다."
        },
        {
          "sub_title": "나만의 코스 짜는 꿀팁: 커뮤니티 활용하기",
          "sub_content": "여행 전에 '디시인사이드'나 '더쿠' 같은 커뮤니티를 활용해보세요!  실제 여행객들의 생생한 후기와 팁을 얻을 수 있어요.  예를 들어,  '서울 맛집 추천'이나 '서울 여행 코스 추천' 같은 키워드로 검색하면  엄청난 정보가 쏟아진답니다!  다만,  정보의 신뢰성을 확인하는 습관은 필수!  여러 후기를 비교해보고 판단하는 센스를 발휘하면 더욱 완벽한 여행 계획을 세울 수 있을 거예요.  저도 이런 커뮤니티 정보 덕분에 숨은 명소 많이 찾았답니다!  그리고 댓글도 꼼꼼하게 확인해보세요.  꿀팁들이 숨어있을지도 몰라요!"
        },
        {
          "sub_title": "숙소 예약 & 교통편: 스트레스 제로 여행!",
          "sub_content": "숙소는 여행 스타일과 예산에 맞춰 선택하는 게 중요해요. 호텔, 게스트하우스, 한옥 스테이 등 다양한 옵션이 있으니,  '호텔스닷컴'이나 '에어비앤비' 같은 사이트를 활용해서 미리 예약하는 걸 추천드려요.  특히 성수기에는 숙소가 금방 마감될 수 있으니 서두르는 게 좋아요!  교통은 서울 지하철이 잘 되어있으니,  T-money 카드를 구매해서 이용하면 편리해요.  카카오맵이나 네이버 지도 앱도 필수!  길 찾기 쉽고,  실시간 교통 정보도 확인할 수 있으니 정말 유용하답니다. 친구가 서울 지하철 노선도 숙지 안 하고 갔다가 헤맸다고 하더라고요.  미리미리 준비하는 게 최고죠!"
        }
      ]
    },
    {
      "section3": "편안한 휴식을 위한 선택: 서울 숙소 추천",
      "contents3": [
        "예산과 여행 스타일에 맞는 다양한 숙소를 소개합니다.  럭셔리 호텔부터  호텔, 게스트하우스, 한옥 스테이까지  폭넓은 선택지를 제공합니다.  각 숙소의 장단점, 위치,  가격대,  그리고  객실 사진 등을  자세하게 보여주고,  실제 투숙객들의 리뷰를 바탕으로  객관적인 평가를 제공합니다.  또한,  각 숙소 주변의 관광 명소 및 편의시설 정보를  함께 제공하여  숙소 선택에 도움을 줍니다.  '호캉스'를 즐길 수 있는 호텔들도 특별히 소개하며,  인스타그램 등에서  인기 있는 숙소들을  추천합니다.",
        {
          "sub_title": "럭셔리 호텔에서 즐기는 호캉스: 특별한 서울 여행",
          "sub_content": "친구가 서울 여행 갔을 때 롯데호텔 서울에 묵었는데, 진짜 후기를 들어보니 '대박'이더라고요.  뷰가 장난 아니었대요.  특히 남산타워가 보이는 방이었다는데, 사진 보여주는데 엄청 멋있었어요.  수영장도 있고,  스파도 있고,  심지어 프라이빗한 영화관까지 있다고 하더라고요.  가격은 좀 사악하지만,  인생에 한 번쯤은 경험해볼 만한 곳이라고 하더라고요.  다만,  가격이 부담스럽다면,  신라호텔이나 포시즌스호텔 같은 다른 럭셔리 호텔도 알아보는 것도 좋을 것 같아요.  인스타 감성 사진 찍기에도 최고라고 하니 참고하세요!"
        },
        {
          "sub_title": "힙스터 감성 넘치는 부티크 호텔:  트렌디한 서울 여행",
          "sub_content": "요즘 젊은 친구들 사이에서 인기라는  '라이즈 엇토 서울' 이라는 부티크 호텔이 있다고 해요.  힙한 디자인과 감각적인 인테리어로 유명하다고 하는데,  인스타그램에서 사진 많이 봤거든요.  홍대 근처에 있어서 접근성도 좋고,  주변에 맛집과 카페도 많아서  여행하는 재미를 더할 수 있다고 하네요.  다만,  규모가 크지 않아서 방이 좀 작을 수 있다는 단점도 있다고 하네요.  저렴한 가격은 아니지만,  인생샷 건지고 싶은 분들께 추천해요!  또 다른 곳으로는 '비스타 워커힐 서울' 도 있어요.  뷰가 끝내준다는 얘기 많이 들었어요."
        },
        {
          "sub_title": "가성비 끝판왕! 서울 게스트하우스 추천:  알뜰 여행의 정석",
          "sub_content": "저렴하게 서울 여행을 즐기고 싶다면 게스트하우스를 추천해요.  제 친구는 '코리아 게스트하우스'에 묵었는데,  가격 대비 괜찮았다고 하더라고요.  다만,  개인 프라이버시가 조금 덜할 수 있다는 점은 감안해야 한다고 해요.  다른 사람들과 함께 생활하는 공간이니까요.  시설은 깔끔하고 위치도 좋았다고 하니 참고하세요.  그리고 게스트하우스는  다양한 국적의 여행객들을 만날 수 있는 좋은 기회가 될 수 있다는 장점도 있대요!   다른 게스트하우스도  많이 있으니,  여행 스타일에 맞춰서 골라보세요!"
        },
        {
          "sub_title": "전통 한옥에서 느끼는 한국의 아름다움:  색다른 서울 경험",
          "sub_content": "요즘 한옥 스테이가 엄청 인기래요!  제 사촌 언니가 서울에 있는 한옥 스테이에 묵었는데,  사진 보여주는데 정말 운치 있고 좋더라고요.  전통적인 분위기 속에서 편안하게 휴식을 취할 수 있다는 게 가장 큰 장점이라고 하더라고요.  '북촌 한옥 마을' 근처에 있는 한옥들은 특히 인기가 많다고 해요.  조용하고 평화로운 분위기 속에서 서울 여행의 색다른 매력을 느낄 수 있다고 하네요.  다만,  일반 호텔보다 시설이 부족할 수 있다는 점은 고려해야 할 것 같아요.  하지만,  색다른 경험을 원한다면 꼭 추천하고 싶어요!"
        },
        {
          "sub_title": "숙소 예약 팁:  놓치지 말아야 할 중요한 정보들",
          "sub_content": "숙소 예약할 때 꼭 확인해야 하는 게 있어요.  바로 위치!  관광지와의 접근성,  대중교통 이용 편의성 등을 꼼꼼히 따져보는 게 좋대요.  그리고  예약 사이트의 후기를 꼭 확인해보세요.  다른 사람들의 경험을 통해  숙소의 장단점을 파악할 수 있거든요.  마지막으로,  취소 정책도 꼼꼼히 확인해야 해요!  여행 계획이 변경될 수도 있으니까요.  저는 예약 사이트에서  사진이나 영상을 꼼꼼히 보고 예약하는 편이에요.  실제 방이랑  사진이랑  차이가 있을 수 있으니까요.  [예약 사이트 이름](예약 사이트 이름) 같은 곳에서  비교해보고 예약하는 것도 좋을 것 같아요."
        }
      ]
    },
    {
      "section4": "서울 여행 꿀팁:  알아두면 유용한 정보들",
      "contents4": [
        "서울 여행 중 발생할 수 있는  돌발 상황(예: 가방 수리)에 대처하는 방법,  교통 이용 방법(지하철, 버스 등),  환전 및 통신 방법,  그리고  여행 예산 계획 등  실질적인 정보들을  제공합니다.  여행 전 준비해야 할 사항들과  여행 중 주의해야 할 점들에 대해서도  상세히 설명합니다.  또한,  서울 여행을 더욱 풍성하게 만들어 줄  다양한 이벤트 및 축제 정보를 제공하며,  한국 문화를 더욱 깊이 이해할 수 있도록  유익한 정보들을 추가합니다.  비상시 연락처 등 필요한 정보들을 정리하여  여행의 안전성을 높입니다.",
        {
          "sub_title": "서울 지하철 & 버스 완전 정복: 핵꿀팁!",
          "sub_content": "서울 지하철은 진짜 미로 같다고 느낄 수도 있는데, 걱정 마세요!  T-money 카드 하나만 있으면 웬만한 곳은 다 갈 수 있어요.  지하철역마다 한글과 영어 표기가 잘 되어 있지만, 혹시 모르니 목적지 역 이름을 한글로 적어가는 것도 좋아요.  그리고 버스는 좌석 버스랑 일반 버스가 있는데, 좌석 버스는 조금 더 비싸지만 훨씬 편안하다는 거!  카카오맵이나 네이버 지도 어플 이용하면 길 찾는 거 넘나 쉽답니다.  친구가 서울 여행 갔을 때 버스에서 내릴 때 정류장 이름 확인 안 하고 그냥 내렸다가 뺑뺑 돌았다고 하더라고요. ㅋㅋㅋ  여러분은 그러지 마시고 꼭 확인하세요!"
        },
        {
          "sub_title": "환전 & 통신: 돈 걱정, 데이터 걱정 끝!",
          "sub_content": "요즘은 환전 수수료 아끼려고 공항에서 환전 안 하고, 시내 은행이나 환전소에서 하는 사람들 많아요.  은행보다 환전소가 조금 더 유리할 수도 있다는 꿀팁!  그리고 데이터 로밍은 비싸니까,  공항에서 유심칩 사는 게 훨씬 저렴하대요.  데이터 걱정 없이 인생샷 팡팡 찍고,  맛집 정보 검색하고 다니면 좋잖아요.  제 친구는 로밍 썼다가 요금 폭탄 맞았다고 엄청 후회하더라고요.  꼭 미리 준비하세요!"
        },
        {
          "sub_title": "예산 계획 & 숨은 맛집 찾기: 알뜰살뜰 여행!",
          "sub_content": "서울 여행 예산은 어떻게 짜야 할까요?  숙소, 교통비, 식비, 관광지 입장료 등을 고려해서 미리 계획 세우는 게 좋아요.  숙소는 호텔 말고 게스트하우스나 에어비앤비도 괜찮아요.  가격도 저렴하고 현지 분위기를 느낄 수 있거든요.  그리고 맛집은 블로그나 인스타그램 후기 참고해서 미리 리스트 만들어두면 시간 절약도 되고,  줄 안 서고 먹을 수도 있대요!  저희 언니는 맛집 찾아 삼만리 하다가 시간 다 날렸다고 하더라고요.  미리 준비하는 게 정답입니다!"
        },
        {
          "sub_title": "가방 수리부터 응급상황 대처법까지: 든든한 여행!",
          "sub_content": "혹시 여행 중 가방 지퍼가 고장 나거나 옷이 찢어지면 어떻게 해야 할까요?  걱정 마세요!  서울 곳곳에 수선집이 많아요.  그리고 응급상황 발생 시에는 119(소방), 112(경찰)에 신고하면 돼요.  영어로 통화가 어려울 경우에는 112에 전화해서 영어 가능한 상담원 연결을 요청하면 된다고 하네요.  제 친구는 갑자기 아파서 병원에 갔는데,  영어를 못해서 엄청 힘들었다고 하더라고요.  꼭 필요한 정보는 미리 알아두는 게 좋겠죠?"
        },
        {
          "sub_title": "서울 여행의 꽃! 놓칠 수 없는 이벤트 & 축제!",
          "sub_content": "서울에서는 계절별로 다양한 축제와 이벤트가 열린답니다.  봄에는 벚꽃 축제, 여름에는 한강에서 하는 페스티벌, 가을에는 단풍 구경, 겨울에는 크리스마스 마켓 등등!  여행 전에 서울시 관광 웹사이트나 관련 어플을 확인해서  여행 일정에 맞춰 축제 일정을 체크해보세요.  친구가 서울에 갔을 때 멋진 불꽃놀이 축제를 놓쳤다고 엄청 아쉬워하더라고요.  미리 정보를 알아두면 훨씬 풍성한 여행이 될 거예요!"
        },
        {
          "sub_title": "한국 문화 이해하기: 팁과 에티켓!",
          "sub_content": "한국 문화를 더욱 깊이 이해하면 서울 여행이 더욱 풍성해질 거예요.  예를 들어,  식당에서 젓가락으로 음식을 가리키는 행동은 실례라고 하네요.  그리고 한국 사람들은 대체로 정시를 중요시하니까, 약속 시간에 늦지 않도록 주의해야 해요.  또,  대중교통 이용 시에는 소란스럽지 않게 조용히 하는 것이 좋고요.  저는 예전에 친구랑 서울 여행 갔을 때,  이런 부분을 잘 몰라서 살짝 당황했던 기억이 나네요.  미리 알아두면 좋을 것 같아요!"
        }
      ]
    }
  ]
}